Age,Gender,Weight,Height,Activity_Level,Exercise_Type,Duration (min),Calories Burned
53,Male,60.98285280188125,195.14474975959936,Moderately Active,Plank,8,24.39
43,Female,47.33505621633835,192.61319371955906,Not Active,Dumbbell Rows,18,76.68
29,Female,93.87501190319138,183.39023416132034,Not Active,Medicine Ball Slams,18,202.77
57,Female,72.6394757792821,179.6610785053692,Not Active,Medicine Ball Slams,20,174.33
22,Female,109.82686873797277,194.6151249069826,Moderately Active,Mountain Climbers,11,169.13
35,Male,80.49074300186679,159.26650897643572,Not Active,Brisk Walking,36,231.81
53,Male,117.61450709360413,153.94845810954143,Not Active,Brisk Walking,23,216.41
33,Female,58.91441367773409,161.9755084954769,Moderately Active,Mountain Climbers,6,49.49
37,Male,110.1467375966708,189.72891393500953,Not Active,Cycling,14,215.89
25,Female,103.24476395938063,151.73351333632417,Moderately Active,Light Dumbbell Press,54,501.77
25,Female,102.81913834830391,179.14034175417447,Not Active,Step-Ups,21,215.92
38,Female,108.35874210876658,199.7718758095655,Fully Active,Plank,41,222.14
50,Male,102.07679932072492,192.78480469187696,Fully Active,Jumping Jacks,16,195.99
54,Female,91.96652412235616,176.07228445217947,Not Active,Burpees,10,147.15
38,Female,54.84336582617907,153.1820454643321,Fully Active,Medicine Ball Slams,26,171.11
17,Female,47.43946346184389,191.5686757192855,Moderately Active,Deadlifts,36,256.17
36,Male,114.06358858617651,179.94892540886053,Fully Active,Dumbbell Rows,45,461.96
16,Male,91.24877358905536,155.74664985297835,Not Active,Plank,24,109.5
38,Female,104.74029682321321,154.6928642411678,Not Active,Cycling,5,73.32
58,Male,81.11417636344126,195.4813409718296,Moderately Active,High Knees,58,611.6
44,Male,53.79811417217959,183.46001314690392,Not Active,Sprints,51,493.87
52,Male,54.38893441519129,191.46433996583778,Moderately Active,Jumping Jacks,57,372.02
16,Male,96.41739654217285,193.94894501411335,Fully Active,Kettlebell Swings,10,125.34
35,Male,77.2729421174597,178.58861760241612,Fully Active,Mountain Climbers,23,248.82
47,Male,60.039354502525256,175.87231758775206,Moderately Active,Cycling,22,184.92
26,Male,81.86959100560776,171.5213705160495,Moderately Active,Cycling,10,114.62
36,Male,49.815670280635054,165.84732938955597,Not Active,Dumbbell Rows,49,219.69
58,Male,88.6478551435799,171.72979804293558,Fully Active,Lunges,37,360.8
39,Male,65.17450533263232,188.69398278650783,Moderately Active,Light Dumbbell Press,27,158.37
41,Female,104.81693254778912,180.0961715507566,Fully Active,Lunges,27,311.31
56,Female,68.27714691926803,194.6261644977423,Moderately Active,Bodyweight Squats,30,204.83
42,Male,79.14151118113509,172.16900071895938,Fully Active,Deadlifts,17,201.81
30,Female,45.871540493107545,180.3544789359377,Not Active,Burpees,11,80.73
29,Female,50.433516584591914,181.56537765459944,Fully Active,Lunges,19,105.41
58,Male,74.43701673050137,179.58485811531628,Fully Active,Dumbbell Rows,48,321.57
17,Male,80.99541260378426,185.13168865427582,Fully Active,Sprints,31,451.95
51,Male,90.00154110894778,161.87167341874033,Fully Active,Dumbbell Rows,30,243.0
21,Female,66.87469340319774,175.61818887728953,Fully Active,Sprints,37,445.39
35,Female,97.1236414594907,155.21124014041737,Not Active,Cycling,19,258.35
23,Male,109.50917978919034,169.22556638224063,Moderately Active,Sprints,40,788.47
53,Male,103.48882416700124,174.38335343106323,Fully Active,Plank,49,253.55
32,Male,47.971411901126785,182.61121297727362,Not Active,Burpees,59,452.85
18,Female,81.03802104433717,197.52655262931017,Fully Active,Bodyweight Squats,31,251.22
39,Female,52.869763381363114,180.0325533274178,Fully Active,Dumbbell Rows,9,42.82
28,Female,63.15337618968956,187.179695808828,Moderately Active,Plank,6,18.95
23,Female,118.99969449503598,175.31330297476015,Fully Active,Medicine Ball Slams,59,842.52
40,Male,55.687165717613496,181.70520156881656,Not Active,Medicine Ball Slams,37,247.25
16,Male,82.4166115088517,153.54661080668868,Not Active,Deadlifts,20,247.25
34,Male,91.36168007385893,162.71957904209233,Moderately Active,Push-ups,27,246.68
42,Male,97.68487279080779,168.09265466025693,Fully Active,Mountain Climbers,42,574.39
21,Female,86.97365126151855,173.62466775032567,Not Active,Bodyweight Squats,59,513.14
58,Female,45.73281355643878,152.28243727511918,Fully Active,High Knees,20,118.91
22,Male,69.48459811829939,157.00120487766588,Fully Active,Dumbbell Rows,18,112.57
49,Male,83.82837325385336,163.84071538956528,Fully Active,Kettlebell Swings,33,359.62
28,Female,51.589987435862504,198.57663454505254,Moderately Active,Medicine Ball Slams,30,185.72
31,Male,71.29701984068856,166.56735035515254,Fully Active,Burpees,39,444.89
50,Female,47.49023315935249,174.10205290560413,Not Active,Mountain Climbers,19,126.32
54,Male,50.893387286626556,159.80488563691964,Fully Active,Kettlebell Swings,7,46.31
18,Male,74.76924571511971,180.5390035537884,Not Active,Plank,27,100.94
16,Male,54.95368155322953,164.0341607757987,Fully Active,Burpees,33,290.16
20,Male,87.56556361961685,160.34962892192135,Not Active,Step-Ups,38,332.75
56,Male,96.70987268529493,175.82863142229894,Not Active,High Knees,37,465.17
18,Male,105.04400243318122,150.27528995802103,Fully Active,Medicine Ball Slams,45,567.24
43,Male,60.011268318360756,150.38320163246127,Fully Active,Lunges,45,297.06
32,Female,57.56119366943023,160.9534404550929,Not Active,Lunges,27,170.96
40,Female,52.84258802508002,151.83606812504107,Moderately Active,Burpees,11,93.0
58,Female,92.73226871577276,155.40128770653456,Fully Active,Dumbbell Rows,7,58.42
48,Female,97.9856794865176,166.94303246693758,Moderately Active,High Knees,36,458.57
24,Female,47.368960861923156,190.12928397899066,Fully Active,Deadlifts,35,248.69
50,Male,115.21591846827674,178.60243216846504,Fully Active,Brisk Walking,22,202.78
28,Male,48.89784627386043,175.63338629782083,Fully Active,Push-ups,47,229.82
45,Female,85.59722514758028,164.67444116040608,Fully Active,Bodyweight Squats,11,94.16
29,Male,98.17953895881874,196.5876859716408,Moderately Active,Lunges,45,485.99
22,Female,110.32268428095642,169.8507520618596,Fully Active,Running in Place,5,77.23
28,Female,98.55651990993209,154.35463833978858,Not Active,Push-ups,18,177.4
37,Male,105.12960623023439,180.85332580589005,Not Active,Lunges,56,647.6
54,Male,70.45876444071045,155.69191967383006,Moderately Active,Sprints,36,456.57
35,Male,106.11188353098842,167.2611571400846,Fully Active,Running in Place,10,148.56
30,Female,51.008613478850634,175.37059693589043,Not Active,High Knees,43,285.14
59,Male,112.11124920453958,193.71112623425878,Moderately Active,Deadlifts,14,235.43
32,Female,86.06942821153021,174.67732901700595,Fully Active,Medicine Ball Slams,11,113.61
38,Female,106.29733274718703,185.1129383015832,Not Active,Mountain Climbers,30,446.45
40,Female,78.92387133887252,199.6408419499535,Not Active,Mountain Climbers,38,419.87
39,Male,93.26832713973937,156.57445599489907,Moderately Active,Brisk Walking,34,253.69
59,Male,84.4801995702085,163.73657627597598,Fully Active,Running in Place,40,473.09
55,Female,99.8692141316499,169.72880377988233,Fully Active,Light Dumbbell Press,25,224.71
43,Male,51.12224865229422,171.09140892694157,Not Active,Burpees,21,171.77
29,Male,49.52640629929228,170.55105376327728,Not Active,Brisk Walking,37,146.6
59,Male,63.532742550760986,195.38055012782775,Not Active,Lunges,14,97.84
15,Female,56.965851008489125,185.7016322233428,Fully Active,High Knees,55,407.31
39,Female,110.38376749441512,180.3952607045352,Moderately Active,Light Dumbbell Press,51,506.66
21,Male,61.44104905185333,165.4686358931391,Moderately Active,Burpees,46,452.21
23,Female,118.18989418643484,191.18951921106475,Fully Active,Sprints,55,1170.08
38,Male,70.26718438283301,197.75302557424945,Moderately Active,Dumbbell Rows,16,101.18
15,Male,58.658843676652445,191.05991412751132,Not Active,Push-ups,20,117.32
58,Male,104.22738803568593,150.07825525957364,Moderately Active,Deadlifts,45,703.53
22,Male,94.40308316256571,181.82006850917034,Moderately Active,Light Dumbbell Press,36,305.87
38,Female,82.36467873398541,152.55676907210503,Moderately Active,Plank,19,78.25
25,Female,86.65226632032234,162.8803610166861,Not Active,Lunges,31,295.48
31,Female,98.94013337041979,152.97623501738857,Fully Active,Brisk Walking,32,253.29
22,Male,62.1341055998474,180.1897726474694,Not Active,Lunges,21,143.53
49,Male,119.72504370425564,184.32949567463032,Fully Active,Sprints,50,1077.53
49,Male,118.10948716100873,155.72438190329527,Fully Active,Deadlifts,54,956.69
47,Female,93.77442647602027,169.19194415224896,Fully Active,Dumbbell Rows,6,50.64
19,Male,59.965683819685886,172.8118254477771,Moderately Active,Light Dumbbell Press,40,215.88
56,Female,96.01711818234685,168.45265108804583,Moderately Active,Step-Ups,54,518.49
53,Female,50.41488067343819,156.05125002425964,Fully Active,Brisk Walking,11,44.37
55,Female,47.29893766543545,170.94738950937378,Fully Active,Bodyweight Squats,17,80.41
42,Female,64.32621663834102,187.5589023904209,Moderately Active,Burpees,19,195.55
21,Female,79.69672175544872,153.55038322666277,Not Active,Kettlebell Swings,29,300.46
23,Female,110.12043790562853,154.00900070409517,Fully Active,Light Dumbbell Press,27,267.59
22,Male,99.5376802324731,167.73856459179922,Not Active,Brisk Walking,26,207.04
26,Male,100.70298908999858,197.08628558094625,Moderately Active,Deadlifts,30,453.16
48,Female,76.91200008360565,183.4286323361457,Fully Active,Bodyweight Squats,37,284.57
47,Female,70.94512444102222,183.93349783362822,Not Active,Deadlifts,15,159.63
37,Male,72.8279072238452,168.09599954189326,Not Active,Medicine Ball Slams,14,122.35
38,Female,119.07371728020433,179.68303956042692,Not Active,Brisk Walking,29,276.25
51,Female,48.00818935593619,150.50655920138718,Moderately Active,Lunges,41,216.52
49,Male,110.02736220918364,181.8048023204771,Moderately Active,Brisk Walking,52,457.71
58,Female,88.40065564292951,195.66434737881184,Not Active,Cycling,47,581.68
54,Female,77.89615643921928,180.62867341724098,Not Active,Push-ups,57,444.01
36,Female,99.39432453113524,193.68492967331724,Moderately Active,Step-Ups,42,417.46
41,Male,81.50017060685272,186.19865277330467,Not Active,Step-Ups,45,366.75
49,Male,110.50674285612455,156.0279208201845,Not Active,Lunges,49,595.63
15,Male,112.55263980084439,195.1226653642921,Moderately Active,Lunges,28,346.66
49,Female,76.62906951550916,153.32219221778874,Not Active,Cycling,44,472.04
51,Female,65.76208479262887,176.69837362738818,Not Active,Brisk Walking,50,263.05
28,Male,89.42627464450217,157.1068561896729,Not Active,Kettlebell Swings,37,430.14
17,Female,113.42725092125183,150.5853305365452,Moderately Active,Kettlebell Swings,21,309.66
15,Female,60.799664175424994,171.10171300638194,Not Active,Light Dumbbell Press,28,153.22
19,Female,91.7224937672612,164.75203538270782,Moderately Active,Medicine Ball Slams,41,451.27
40,Female,92.36701650693904,174.30002468988016,Moderately Active,Light Dumbbell Press,6,49.88
28,Female,99.98347668114607,178.85999433672754,Fully Active,Brisk Walking,36,287.95
53,Male,54.867576384544485,152.18695361544738,Fully Active,High Knees,28,199.72
41,Female,98.68687235115664,156.15016475618728,Not Active,Bodyweight Squats,13,128.29
23,Male,113.17743904992308,177.93211982252126,Moderately Active,Deadlifts,8,135.81
29,Female,58.47623316526815,167.15836765863293,Fully Active,Dumbbell Rows,21,110.52
29,Male,62.81574936929083,186.4586743774724,Not Active,Cycling,21,184.68
40,Female,117.85463205312297,182.614582429597,Fully Active,Dumbbell Rows,57,604.59
56,Male,58.57327145321173,192.28021814949534,Fully Active,Push-ups,54,316.3
27,Female,109.07888200271843,184.62464133346126,Moderately Active,Brisk Walking,52,453.77
46,Male,81.9208392336026,171.4965538695074,Moderately Active,Dumbbell Rows,34,250.68
53,Female,63.54233058023828,183.6483311197216,Fully Active,Plank,44,139.79
46,Male,110.30624259543835,163.7690587127709,Fully Active,Bodyweight Squats,15,165.46
18,Female,78.39789412519991,165.31567493891063,Moderately Active,Dumbbell Rows,25,176.4
44,Male,83.61130154472676,189.44925799603965,Not Active,Bodyweight Squats,25,209.03
51,Male,71.94250270498243,172.3209758200791,Moderately Active,Bodyweight Squats,22,158.27
37,Female,89.47131385761955,189.91901702591764,Fully Active,Mountain Climbers,59,739.03
53,Female,57.2642904438767,191.12111868341393,Not Active,Burpees,33,302.36
59,Male,74.33111524888206,192.8781168830642,Fully Active,Burpees,28,333.0
29,Female,117.70592417514656,195.83176179206038,Not Active,Sprints,14,296.62
57,Male,64.36000745258457,171.5492610256648,Fully Active,Push-ups,49,315.36
43,Male,94.25524984059692,165.94334091605694,Not Active,Medicine Ball Slams,21,237.52
50,Male,69.38925481685212,179.1099373297057,Not Active,Jumping Jacks,22,183.19
27,Female,103.01048442649505,168.55862117188138,Fully Active,Medicine Ball Slams,46,568.62
46,Male,54.81552455387624,180.05370834001164,Not Active,Brisk Walking,52,228.03
21,Male,117.73657838089085,185.27929313219124,Moderately Active,Push-ups,24,282.57
36,Female,79.03421560377294,184.42025092460685,Fully Active,Lunges,41,356.44
42,Female,62.703784750984795,168.72764435100606,Moderately Active,Kettlebell Swings,49,399.42
16,Female,50.512256049750945,158.34301008493765,Fully Active,High Knees,22,144.47
56,Female,57.731842881565555,171.52646692311038,Not Active,Mountain Climbers,21,169.73
59,Male,83.98304614170132,157.12970720409544,Not Active,Jumping Jacks,13,131.01
20,Male,70.27523823234647,194.50485175919042,Not Active,Medicine Ball Slams,18,151.79
42,Male,107.16625244119571,167.29387303689288,Fully Active,Jumping Jacks,53,681.58
42,Male,77.31656427463545,157.7229873611662,Moderately Active,Lunges,33,280.66
58,Female,63.653570444072244,151.27238799528754,Moderately Active,Dumbbell Rows,35,200.51
58,Male,91.28587399530225,182.29111931432422,Fully Active,Push-ups,8,73.03
34,Male,98.00829126640843,181.84511587273715,Fully Active,Bodyweight Squats,22,215.62
44,Female,57.52814309257124,167.03020832906458,Moderately Active,Dumbbell Rows,24,124.26
25,Male,57.57144122162383,153.58559444238256,Moderately Active,Brisk Walking,51,234.89
42,Male,47.75035702001572,170.4814447447616,Moderately Active,High Knees,47,291.75
39,Male,100.23015112992303,165.56087475316968,Moderately Active,Medicine Ball Slams,48,577.33
53,Male,94.78533957163538,183.85603198675045,Fully Active,Running in Place,13,172.51
47,Male,80.59731568123604,180.28896247263452,Fully Active,Kettlebell Swings,17,178.12
15,Male,108.31278367268979,168.229686409877,Not Active,Medicine Ball Slams,19,246.95
41,Female,105.42526147125399,160.8946277127495,Moderately Active,Medicine Ball Slams,31,392.18
27,Female,88.9015773297564,199.4017983077796,Not Active,Deadlifts,19,253.37
55,Male,110.1203460384944,172.70008105980574,Fully Active,Plank,32,176.19
17,Male,60.43809075275762,184.41371178901187,Fully Active,High Knees,41,322.14
53,Female,53.39397145482959,157.02764837891803,Not Active,Plank,59,157.51
20,Male,65.23122086377423,174.2794849829699,Moderately Active,Dumbbell Rows,23,135.03
22,Male,49.28151420669862,151.37683599347326,Moderately Active,Mountain Climbers,30,206.98
41,Male,84.83771460007739,175.2727558955225,Moderately Active,Bodyweight Squats,56,475.09
23,Female,115.2454269221221,198.20087035588512,Moderately Active,Mountain Climbers,30,484.03
51,Male,47.95076555013822,169.21033564929002,Not Active,Burpees,29,222.49
47,Female,54.15824355075201,151.94980062874558,Not Active,Bodyweight Squats,30,162.47
56,Male,78.91492712125765,151.54778954596716,Fully Active,Step-Ups,30,236.74
58,Female,115.04062631459287,169.39933799734348,Moderately Active,Dumbbell Rows,50,517.68
38,Female,68.71170787325629,158.0012468231597,Moderately Active,Dumbbell Rows,32,197.89
29,Male,83.04261065162943,151.1676048164093,Moderately Active,Running in Place,53,616.18
46,Female,48.11796442877941,187.81068069750884,Not Active,Jumping Jacks,22,127.03
46,Male,56.12574007215667,172.92615044409453,Moderately Active,Deadlifts,36,303.08
38,Female,118.99725922191352,164.46223859863272,Not Active,Cycling,57,949.6
55,Male,117.38390223270342,195.00415915082402,Moderately Active,Dumbbell Rows,7,73.95
26,Male,45.37049857008072,155.80694801002628,Moderately Active,Lunges,6,29.94
53,Female,116.38588390674292,197.79594144776595,Fully Active,Light Dumbbell Press,37,387.56
16,Male,92.93399533616252,165.69833586886764,Moderately Active,Burpees,46,683.99
17,Male,110.09387208900166,194.42018361543407,Moderately Active,Deadlifts,23,379.82
51,Female,79.10548917253944,180.14714382397307,Fully Active,Kettlebell Swings,21,215.96
31,Male,83.66970214344377,191.33536798707436,Not Active,Medicine Ball Slams,48,481.94
16,Male,81.66349351926901,199.2006581605232,Not Active,Cycling,37,423.02
16,Female,95.01481931595782,164.42027189093727,Moderately Active,Burpees,16,243.24
42,Female,55.47384410672347,198.05677427037966,Not Active,Bodyweight Squats,53,294.01
37,Male,47.248019240450844,169.47409474512102,Moderately Active,Bodyweight Squats,7,33.07
51,Male,68.09474561933932,169.27559523684613,Fully Active,High Knees,47,416.06
46,Female,97.85105720524851,167.0193552127253,Fully Active,Running in Place,53,726.05
47,Female,60.139008909221126,177.07038036737927,Moderately Active,Cycling,59,496.75
15,Male,95.5074324993688,157.70725215892435,Fully Active,High Knees,30,372.48
33,Female,117.74340345804528,177.68557426790056,Fully Active,Cycling,39,642.88
16,Male,52.04255368420638,177.0852406205002,Moderately Active,Dumbbell Rows,12,56.21
58,Male,95.44515886688447,188.0950906302435,Moderately Active,Bodyweight Squats,56,534.49
40,Male,78.28126644784284,191.68249809687927,Fully Active,Burpees,40,501.0
46,Male,110.1106690783129,172.0220675156212,Not Active,Push-ups,57,627.63
20,Male,58.28623420855394,165.11666246757468,Not Active,Bodyweight Squats,58,338.06
46,Female,96.94694641696233,162.96674486585474,Moderately Active,Jumping Jacks,11,127.97
18,Female,107.85864672360827,159.7311918352436,Moderately Active,Brisk Walking,50,431.43
25,Female,115.84606646055174,152.88237910995124,Not Active,Bodyweight Squats,50,579.23
31,Female,96.24360212172343,167.12239894173567,Fully Active,Sprints,40,692.95
52,Male,82.28810730063205,163.51238460653917,Not Active,Bodyweight Squats,20,164.58
38,Male,91.33854301509103,198.32086929332036,Not Active,Lunges,28,281.32
19,Male,110.16787383590386,177.8854413125022,Not Active,High Knees,58,830.67
48,Male,87.79573099791222,167.36385195152536,Not Active,Light Dumbbell Press,5,39.51
20,Female,47.27902947726277,179.0233800496848,Moderately Active,Push-ups,53,250.58
36,Male,114.82115216302333,156.95983506728479,Moderately Active,Dumbbell Rows,29,299.68
25,Male,96.71450632736708,172.20218746011014,Fully Active,Sprints,14,243.72
30,Female,95.73850393329349,181.31171607105318,Fully Active,Sprints,58,999.51
47,Female,61.175636429828785,174.44489158962256,Fully Active,Light Dumbbell Press,20,110.12
23,Female,94.4164102674493,170.0889400327162,Fully Active,Kettlebell Swings,20,245.48
20,Female,74.53983042406189,199.69241944498492,Not Active,Sprints,12,161.01
30,Male,93.8424732781119,194.01573810744634,Moderately Active,Bodyweight Squats,33,309.68
43,Male,52.99447727309931,181.170297907972,Moderately Active,High Knees,43,296.24
17,Female,94.3383978452277,178.46886805911413,Fully Active,Step-Ups,32,301.88
34,Male,119.9560294328,181.03302399122921,Fully Active,Brisk Walking,10,95.96
50,Male,48.6159029145417,160.06560539112166,Not Active,Deadlifts,20,145.85
33,Male,118.2880638165988,169.75688716321594,Not Active,Brisk Walking,24,227.11
40,Female,75.5180970542153,151.97297664454496,Fully Active,Sprints,20,271.87
17,Male,110.30650877529443,173.77730187434133,Moderately Active,Burpees,11,194.14
33,Female,103.6789113043705,177.15122919788317,Moderately Active,Brisk Walking,45,373.24
34,Male,87.5262195740001,161.38748680516048,Moderately Active,Jumping Jacks,18,189.06
46,Male,100.38369069384949,198.2014423582757,Fully Active,Deadlifts,47,707.71
21,Male,110.88866709760109,195.4727305468621,Moderately Active,Brisk Walking,30,266.13
55,Female,75.31052412382748,186.10716177279528,Not Active,Kettlebell Swings,30,293.71
47,Male,69.5274871172429,176.66933143826813,Not Active,Step-Ups,18,125.15
54,Female,95.06950391726886,193.49845798238425,Fully Active,Plank,11,52.29
53,Female,105.58844564559439,156.53261719117316,Not Active,Deadlifts,37,586.02
32,Female,102.17138510824618,189.52548971374426,Fully Active,Burpees,30,490.42
54,Male,104.83602366439759,156.2410406983424,Moderately Active,Light Dumbbell Press,49,462.33
15,Male,77.66874861096997,189.71053312747028,Moderately Active,Brisk Walking,24,149.12
25,Male,106.33756621312662,163.78837841256785,Moderately Active,Running in Place,7,104.21
42,Male,54.015679152795634,193.85452905090943,Not Active,Sprints,56,544.48
39,Female,85.83668234706371,197.20210469126988,Fully Active,Push-ups,8,68.67
37,Female,45.431899537359115,157.4397984702558,Moderately Active,Sprints,30,245.33
45,Female,69.34393724252027,173.13378025326966,Fully Active,Step-Ups,15,104.02
44,Male,72.48461511535484,199.04936890813426,Moderately Active,High Knees,6,56.54
56,Female,74.71295187069416,174.17037179865733,Not Active,Burpees,18,215.17
49,Male,97.16004050173967,193.17737612572725,Not Active,Mountain Climbers,48,652.92
21,Female,74.14185759527592,179.436576106566,Fully Active,Deadlifts,34,378.12
30,Male,78.6520216966898,168.7664953959801,Not Active,Sprints,53,750.34
40,Male,62.81580981557456,164.2891777762935,Not Active,Push-ups,16,100.51
16,Female,72.99388437220051,160.16115455430437,Fully Active,Sprints,30,394.17
15,Female,62.04522204473636,188.08990956888488,Moderately Active,Lunges,48,327.6
26,Female,50.48969428263327,169.3270253411514,Not Active,High Knees,37,242.86
19,Female,90.25864450360334,175.56377311003757,Fully Active,Mountain Climbers,17,214.82
51,Male,95.11595989162622,174.6162740000591,Not Active,Cycling,18,239.69
46,Female,91.46177595072109,178.86395146165657,Not Active,Lunges,28,281.7
23,Female,79.76205328504292,193.2788572812276,Not Active,High Knees,38,394.02
55,Female,73.48393351344224,199.03696717917148,Not Active,Bodyweight Squats,48,352.72
49,Male,109.75002371788689,170.37921042869084,Fully Active,Light Dumbbell Press,30,296.33
33,Male,83.93113388521635,191.37594610531517,Fully Active,Deadlifts,25,314.74
30,Female,80.93864082222981,188.22638973273587,Fully Active,Running in Place,32,362.61
17,Male,46.92315493548268,178.67644757277867,Not Active,Sprints,52,439.2
34,Female,70.59358707196172,197.80235718059666,Not Active,Lunges,40,310.61
38,Male,73.51467140893928,160.02372577642015,Not Active,Medicine Ball Slams,44,388.16
47,Male,74.91170856726754,155.46321051548108,Fully Active,Jumping Jacks,6,53.94
38,Male,88.51292769204991,192.69809834777112,Not Active,Plank,46,203.58
25,Male,85.02019100451588,171.9574908316874,Moderately Active,Mountain Climbers,13,154.74
22,Female,90.59288195950835,192.34844271035303,Not Active,Sprints,27,440.28
50,Female,102.36624461565961,194.65451025977075,Moderately Active,Running in Place,19,272.29
52,Female,105.97393040370702,153.12287968095356,Not Active,Deadlifts,17,270.23
54,Male,98.85923071698707,194.17323814930302,Fully Active,Plank,27,133.46
34,Female,116.6642771966201,172.4159527684711,Not Active,Light Dumbbell Press,21,220.5
49,Female,46.36744370072712,175.52162445021162,Moderately Active,Cycling,52,337.55
39,Female,59.68334892626596,181.3296255546605,Moderately Active,Step-Ups,6,35.81
49,Male,45.56721562336066,196.31913033650434,Not Active,Bodyweight Squats,24,109.36
39,Male,93.56060356159523,150.9558047214882,Moderately Active,Deadlifts,24,336.82
43,Male,112.35229117124902,173.84217341589084,Moderately Active,Light Dumbbell Press,50,505.59
32,Female,63.26117224322245,184.38610212152804,Fully Active,Running in Place,7,62.0
32,Female,114.527590859723,186.13534788491143,Not Active,Jumping Jacks,59,810.86
16,Female,49.520054271717065,184.6266215768554,Not Active,High Knees,16,103.0
49,Male,115.08270201041357,156.7217564704061,Not Active,Medicine Ball Slams,44,607.64
30,Male,71.37170154297257,164.96977941858407,Moderately Active,Push-ups,6,42.82
55,Female,52.60656213369124,167.93577627085068,Not Active,Lunges,40,231.47
50,Male,81.44038193897443,190.22186038397524,Not Active,Medicine Ball Slams,18,175.91
47,Male,64.2582425790381,163.93799362072764,Fully Active,Burpees,20,205.63
18,Male,66.36546764714421,160.53524819336016,Fully Active,Plank,23,76.32
47,Male,68.04674736947149,197.8724009519048,Fully Active,Sprints,38,465.44
28,Female,105.22694233744976,150.44316425567345,Moderately Active,Plank,48,252.54
35,Male,85.43709575064409,199.89104278409891,Not Active,Jumping Jacks,50,512.62
34,Male,68.34807743670027,183.84106494286976,Fully Active,Lunges,10,75.18
22,Male,90.77503374831888,191.42346497245586,Fully Active,Jumping Jacks,17,185.18
21,Male,98.71130056673951,164.73096981730967,Fully Active,Mountain Climbers,40,552.78
17,Female,65.44680005501503,150.715763883353,Not Active,Bodyweight Squats,26,170.16
31,Female,76.01618261440136,186.8934759280765,Not Active,Step-Ups,22,167.24
47,Male,54.14145700027107,191.7072298500338,Not Active,Running in Place,16,121.28
26,Male,58.58620121510103,187.02380659767596,Moderately Active,Burpees,56,524.93
36,Male,96.08383904737371,157.14251436504193,Moderately Active,Jumping Jacks,58,668.74
36,Male,58.60787607717202,187.67139611284847,Fully Active,Plank,34,99.63
44,Male,84.3872537750295,188.44613910538206,Not Active,Plank,57,240.5
52,Male,98.17846962918244,182.92702578350276,Fully Active,Light Dumbbell Press,55,485.98
52,Female,53.01576923210579,188.30579663977932,Not Active,High Knees,44,303.25
59,Male,87.54841647216776,192.2960719838866,Not Active,High Knees,11,125.19
22,Female,64.24220877760229,180.68020571187293,Not Active,Deadlifts,36,346.91
41,Female,117.21951564281848,154.43023569848395,Moderately Active,Cycling,52,853.36
41,Male,81.26592350399434,174.38139048336055,Moderately Active,Push-ups,23,186.91
48,Female,105.44944123313687,153.88246673358026,Not Active,Brisk Walking,10,84.36
35,Female,86.26699066171963,170.37715155162155,Fully Active,Step-Ups,24,207.04
44,Female,48.255939964111434,170.35532445628138,Not Active,Deadlifts,31,224.39
47,Female,92.48635316955168,153.30049220701207,Not Active,Medicine Ball Slams,57,632.61
42,Female,116.35525066549927,167.44102669847396,Fully Active,Deadlifts,47,820.3
47,Female,90.12088651097484,155.54990493956575,Not Active,Deadlifts,41,554.24
19,Male,106.43916445700927,190.4117605004611,Fully Active,Lunges,52,608.83
33,Female,111.31548475113058,197.38440129822354,Moderately Active,Deadlifts,11,183.67
18,Female,62.105982896169934,153.61582376289692,Moderately Active,Medicine Ball Slams,9,67.07
49,Female,60.903362993117,197.75576036458506,Fully Active,Running in Place,15,127.9
31,Male,90.82357416382439,176.12882996683726,Moderately Active,Running in Place,19,241.59
58,Female,75.82713523550285,164.9782838976937,Moderately Active,Dumbbell Rows,7,47.77
42,Male,107.98959771500402,153.8431037638082,Fully Active,Burpees,9,155.51
44,Female,112.50173425485083,175.0312134035209,Moderately Active,Medicine Ball Slams,27,364.51
43,Male,71.50660344770387,189.72577722453744,Not Active,Deadlifts,57,611.38
20,Male,62.76529192308615,185.3543238633349,Not Active,Cycling,41,360.27
49,Female,103.53941364328963,152.5113005731987,Fully Active,Burpees,13,215.36
55,Female,65.6104526661102,153.64509176839516,Moderately Active,Push-ups,19,124.66
51,Male,106.69607388852589,170.14366413163185,Not Active,High Knees,7,97.09
38,Female,76.78036902365722,164.76452470239715,Not Active,Lunges,33,278.71
43,Male,95.06624244686029,161.61921615280238,Moderately Active,Sprints,10,171.12
45,Male,52.16514853760011,164.05022494543567,Moderately Active,Medicine Ball Slams,21,131.46
49,Male,91.78944935074298,190.17413716484424,Not Active,Dumbbell Rows,30,247.83
47,Male,78.88257590529219,196.4614026815927,Not Active,Medicine Ball Slams,25,236.65
35,Male,88.99563473816056,170.25513472637832,Fully Active,Step-Ups,12,106.79
46,Female,57.601065580864756,195.30555010662485,Fully Active,Bodyweight Squats,25,144.0
37,Male,100.26553087081365,166.07478506239408,Not Active,Medicine Ball Slams,15,180.48
47,Male,109.70978081574214,173.8218493171896,Fully Active,Step-Ups,42,460.78
17,Female,61.25548500680817,161.30144989079997,Not Active,Sprints,12,132.31
32,Male,52.17859166401213,182.0238021087922,Not Active,Step-Ups,46,240.02
39,Female,46.77289395347523,198.94905575874043,Fully Active,Mountain Climbers,28,183.35
56,Female,93.14786253324496,180.17465480216893,Fully Active,Dumbbell Rows,39,326.95
45,Female,90.53205270665856,167.89070420567745,Moderately Active,Jumping Jacks,59,640.97
17,Male,86.00230595355525,182.39087229952642,Moderately Active,Plank,18,77.4
54,Male,62.39603220869816,156.14603392326939,Moderately Active,Running in Place,59,515.39
38,Male,74.3179496929136,194.43295401326992,Not Active,Running in Place,18,187.28
46,Female,89.58572513896297,175.1541975389918,Fully Active,Lunges,14,137.96
36,Male,82.25751441443771,172.4674871019821,Not Active,Push-ups,16,131.61
37,Female,119.08391401611655,179.29323942267595,Fully Active,Medicine Ball Slams,42,600.18
16,Male,55.23298144175499,181.23919313947013,Not Active,Push-ups,48,265.12
41,Female,97.13584155356953,153.58879031132565,Moderately Active,Brisk Walking,59,458.48
56,Male,75.32390760782191,184.13086106117012,Moderately Active,High Knees,50,489.61
16,Male,77.11497111942111,162.09658401577647,Moderately Active,Step-Ups,38,293.04
40,Male,98.81983242436323,185.6976316253295,Not Active,Sprints,45,800.44
31,Female,96.93271134932772,191.12673971920984,Fully Active,High Knees,14,176.42
54,Female,119.34419952766412,190.197925377626,Fully Active,Medicine Ball Slams,21,300.75
47,Male,54.62957170905939,177.62504837039447,Moderately Active,Light Dumbbell Press,21,103.25
23,Male,52.80822370381247,176.00849461553756,Moderately Active,Sprints,7,66.54
57,Female,99.32541128465559,157.1437980669706,Moderately Active,Burpees,35,556.22
53,Female,88.37901877548069,188.76730752015678,Moderately Active,Deadlifts,55,729.13
43,Female,65.56204999198545,163.57046902233571,Fully Active,Brisk Walking,5,26.22
56,Male,50.956452674173995,174.83477114089732,Not Active,Medicine Ball Slams,16,97.84
40,Female,51.42436871973229,164.21370464637585,Not Active,Mountain Climbers,43,309.57
49,Male,112.06431559980886,156.69141814998466,Not Active,Push-ups,8,89.65
39,Female,59.39004935390572,181.47788484458684,Not Active,Sprints,46,491.75
38,Male,69.25286715866406,152.71660174114518,Moderately Active,Medicine Ball Slams,17,141.28
27,Female,61.9992301670241,187.43226170631,Moderately Active,Cycling,38,329.84
21,Female,71.62472293739529,165.87933976305584,Moderately Active,Deadlifts,46,494.21
50,Female,50.206788205957004,150.00673465022427,Not Active,Kettlebell Swings,25,163.17
59,Female,83.92948431812027,175.5564569618615,Moderately Active,Medicine Ball Slams,26,261.86
34,Female,50.070942269416115,152.34259542638014,Moderately Active,Lunges,8,44.06
15,Male,105.02673808667711,163.80847789104496,Fully Active,Jumping Jacks,22,277.27
22,Female,62.52840614328248,185.3488243727858,Fully Active,Brisk Walking,9,45.02
30,Female,85.5008935953383,153.1344810810933,Moderately Active,Sprints,23,353.97
28,Female,111.00593156710937,191.96692461780012,Fully Active,Sprints,6,119.89
26,Male,93.81580267853957,150.19099613292914,Fully Active,Plank,16,75.05
37,Female,84.97183399135014,162.3411934600951,Moderately Active,Mountain Climbers,21,249.82
29,Male,69.32503148365316,187.04520280760357,Moderately Active,Plank,14,48.53
42,Female,69.97514347936485,165.81350748646534,Moderately Active,Burpees,38,425.45
48,Female,95.21152163986426,155.09461940330067,Moderately Active,Sprints,10,171.38
16,Male,119.56045209158756,168.01169594002138,Not Active,Deadlifts,12,215.21
46,Female,94.6379392387034,163.51966431922628,Not Active,Lunges,55,572.56
37,Male,86.83375630275187,192.13559510802776,Moderately Active,Sprints,15,234.45
36,Male,99.79878826794345,165.66739587925716,Fully Active,Step-Ups,16,159.68
39,Female,79.89042092127886,189.44662358880038,Moderately Active,Dumbbell Rows,13,93.47
36,Male,49.51067569505889,194.59360724053673,Moderately Active,Lunges,6,32.68
36,Female,87.17226119084324,171.69087097882647,Fully Active,Step-Ups,12,104.61
56,Female,116.82189633790351,195.4971571927196,Not Active,Dumbbell Rows,15,157.71
20,Male,58.14772067682448,168.86590269815963,Moderately Active,Push-ups,57,331.44
29,Male,96.75036681154992,198.20392082450542,Moderately Active,Mountain Climbers,40,541.8
57,Male,60.07002664942924,154.46447622627863,Not Active,Kettlebell Swings,14,109.33
51,Male,85.1870763354811,184.35096332516213,Not Active,Mountain Climbers,25,298.15
47,Female,52.25073372350397,174.69070202284644,Fully Active,Cycling,24,175.56
22,Female,78.77782021936389,169.38244027278236,Not Active,Dumbbell Rows,52,368.68
58,Male,101.71224966714345,181.63559393743003,Not Active,Dumbbell Rows,12,109.85
58,Female,71.06786431792366,185.19285458171657,Not Active,Push-ups,40,284.27
19,Female,94.86837933654135,150.21816348251545,Fully Active,Burpees,33,500.91
53,Female,104.65874705922968,158.34765443735995,Not Active,Kettlebell Swings,46,625.86
18,Female,114.53833646095894,185.65230253171592,Not Active,Step-Ups,16,183.26
20,Male,62.598156139159016,183.31927067891033,Fully Active,Jumping Jacks,18,135.21
59,Male,74.94869368569812,198.30237525643386,Not Active,Jumping Jacks,52,467.68
46,Female,56.43120099978131,188.05188951253916,Not Active,High Knees,58,425.49
44,Male,119.43626266187815,197.5386353865669,Fully Active,Bodyweight Squats,54,644.96
49,Male,114.52507259432215,185.12702507674035,Moderately Active,Brisk Walking,25,229.05
54,Male,85.49678477104197,164.90261043197216,Fully Active,Mountain Climbers,26,311.21
30,Female,108.15249707823159,155.2682461125428,Not Active,Brisk Walking,25,216.3
27,Female,84.07184829540316,189.0911931672468,Not Active,Medicine Ball Slams,48,484.25
56,Female,91.76892660020698,182.2074610737958,Not Active,Brisk Walking,54,396.44
44,Male,51.684332408701245,152.4093006196648,Fully Active,Jumping Jacks,34,210.87
33,Female,101.64528153726059,168.00252329504892,Not Active,Push-ups,43,437.07
31,Female,54.578511272642615,197.8399907742143,Not Active,Kettlebell Swings,24,170.28
33,Male,106.95507226893963,175.02005728551006,Fully Active,Cycling,28,419.26
42,Female,103.65210657527894,171.63645680098523,Moderately Active,Plank,27,139.93
40,Female,98.15585233072323,172.88498025796468,Moderately Active,Running in Place,11,151.16
51,Male,47.712028539357156,160.44413620025819,Not Active,Brisk Walking,13,49.62
40,Male,67.73462669589965,168.43535854323977,Fully Active,Kettlebell Swings,5,44.03
37,Male,64.73344274331322,168.49066279935883,Not Active,Medicine Ball Slams,30,233.04
23,Female,72.01023056036394,152.61775100937362,Fully Active,Sprints,42,544.4
26,Female,51.573206007287894,188.3783814258959,Fully Active,Kettlebell Swings,42,281.59
15,Female,115.27183672732971,170.82522159519394,Moderately Active,Burpees,58,1069.72
15,Male,86.53516805342822,191.10899434082117,Moderately Active,Plank,48,207.68
48,Male,67.91432329935176,192.51740005599476,Fully Active,Lunges,26,194.23
46,Female,74.77361378057125,160.5997027349329,Not Active,Brisk Walking,48,287.13
39,Female,78.54019053786267,182.86767410850644,Moderately Active,Light Dumbbell Press,14,98.96
54,Male,90.04457500204629,173.6140902081491,Not Active,Mountain Climbers,59,743.77
59,Male,83.67595707723734,194.00783689607425,Moderately Active,Push-ups,10,83.68
15,Male,113.95439799108131,160.78703395882272,Moderately Active,Burpees,21,382.89
30,Male,82.27226121793727,183.89066001550222,Not Active,Sprints,55,814.5
53,Female,119.41185111174845,180.38760611263612,Moderately Active,Burpees,54,1031.72
19,Male,108.85687183088218,164.76507387859164,Moderately Active,Push-ups,42,457.2
36,Female,60.638288576800186,156.83004518255862,Not Active,Cycling,28,237.7
43,Female,114.79464109829372,182.58198802386383,Moderately Active,Brisk Walking,55,505.1
17,Female,53.727479841410705,186.92987290661654,Moderately Active,Medicine Ball Slams,14,90.26
26,Male,106.30872813683936,165.7813671881675,Moderately Active,Bodyweight Squats,12,127.57
40,Male,73.5467470107435,182.2416302011157,Not Active,High Knees,25,239.03
30,Male,110.84807403338021,169.75654538057518,Fully Active,High Knees,10,144.1
51,Male,110.10425175805878,185.6603441641309,Not Active,Brisk Walking,25,220.21
36,Female,105.44440500882158,159.96076374470266,Fully Active,Kettlebell Swings,43,589.43
43,Male,104.2522827230296,194.51075013180872,Moderately Active,Push-ups,28,291.91
28,Male,67.85093543235305,164.370479823279,Fully Active,Jumping Jacks,37,301.26
42,Female,51.06894622884391,168.38929938780765,Not Active,Deadlifts,22,168.53
19,Male,75.22351340738712,152.90459760401748,Not Active,Step-Ups,32,240.72
44,Female,58.01433862398815,155.5756106160638,Moderately Active,Step-Ups,56,324.88
19,Female,97.12133166768463,175.7930951356164,Fully Active,High Knees,36,454.53
26,Female,70.95747949033392,163.37963383639857,Moderately Active,Running in Place,16,158.94
30,Female,118.17076506449362,191.77401128710972,Moderately Active,Light Dumbbell Press,52,553.04
40,Female,93.0729058008999,150.7346694327477,Not Active,Kettlebell Swings,46,556.58
40,Female,106.68604227257707,168.95470243359682,Fully Active,Light Dumbbell Press,31,297.65
35,Female,54.93935045563863,166.86727733845464,Fully Active,Dumbbell Rows,14,69.22
53,Female,109.65108617044669,150.96638154588004,Fully Active,Jumping Jacks,50,657.91
50,Male,114.20678928850458,156.21841995002552,Fully Active,Dumbbell Rows,56,575.6
47,Male,81.5296439114202,170.68213374593176,Moderately Active,Light Dumbbell Press,46,337.53
44,Male,90.4689703313233,174.64322922237233,Moderately Active,High Knees,36,423.39
51,Male,102.36073506772466,170.21448736274345,Not Active,Push-ups,46,470.86
37,Female,58.11289704453094,176.5468839206047,Moderately Active,Cycling,30,244.07
24,Male,82.69245573475818,179.75658374528408,Moderately Active,High Knees,29,311.75
19,Female,74.89972708292348,150.49619105639178,Not Active,Jumping Jacks,15,134.82
50,Male,55.97804941216869,173.2047579726752,Not Active,Medicine Ball Slams,27,181.37
48,Male,72.56508167186486,198.1749620443794,Not Active,Lunges,38,303.32
45,Male,50.11292320391202,175.95161400647743,Moderately Active,Bodyweight Squats,56,280.63
24,Female,46.93589302121153,183.87711337294766,Moderately Active,Push-ups,44,206.52
33,Male,55.137471686611704,165.59319289584417,Not Active,High Knees,27,193.53
46,Female,117.23363336918804,188.69956890763814,Not Active,Kettlebell Swings,33,502.93
15,Female,86.21471519212628,188.64607409380574,Not Active,Plank,35,150.88
19,Male,117.4366620864915,176.06480238270694,Moderately Active,Push-ups,11,129.18
59,Male,77.4373408747599,198.80069116396066,Moderately Active,Medicine Ball Slams,44,408.87
18,Male,68.38620998139447,156.27751073813266,Fully Active,Kettlebell Swings,37,328.94
30,Female,82.96063971301831,150.84738324447906,Moderately Active,High Knees,25,269.62
38,Male,77.96337664746827,188.5079105878548,Moderately Active,Step-Ups,6,46.78
30,Female,52.92485131963079,190.35777686824412,Moderately Active,Light Dumbbell Press,22,104.79
16,Female,93.06197360176546,156.01036145602882,Not Active,Jumping Jacks,51,569.54
42,Male,61.20286368821997,163.27914164793032,Moderately Active,High Knees,37,294.39
46,Male,91.46909661733721,150.87761816833145,Not Active,Medicine Ball Slams,41,450.03
41,Female,93.76508192986151,164.66543053902822,Fully Active,Brisk Walking,38,285.05
34,Female,56.40186398464861,188.65709369593358,Fully Active,Kettlebell Swings,24,175.97
38,Female,49.60122203330011,175.89802638562895,Not Active,Brisk Walking,39,154.76
26,Male,103.55711895513298,167.4047796584144,Not Active,Mountain Climbers,55,797.39
49,Female,79.48503178269901,168.58696474531652,Not Active,Bodyweight Squats,54,429.22
47,Male,49.36228466291068,150.0676812857734,Moderately Active,Bodyweight Squats,58,286.3
47,Female,119.61497378773254,164.9900263782618,Fully Active,High Knees,22,342.1
57,Female,49.3335420747275,182.32293708189653,Not Active,Step-Ups,50,246.67
51,Male,97.12764216439149,198.70972219081784,Moderately Active,Dumbbell Rows,28,244.76
26,Female,118.77591939475602,192.35304134919497,Fully Active,Burpees,12,228.05
17,Male,62.93850781619442,151.17974823227647,Moderately Active,Sprints,34,385.18
15,Male,55.66870265153971,194.92803023374196,Fully Active,Push-ups,48,267.21
47,Female,54.103870456682166,189.1599206649313,Moderately Active,Mountain Climbers,57,431.75
54,Male,67.74563606756966,189.01880617854903,Fully Active,Cycling,14,132.78
24,Male,52.5784358257985,172.89978795017856,Fully Active,Deadlifts,27,212.94
57,Female,96.91210062705989,169.90026464772515,Moderately Active,Light Dumbbell Press,56,488.44
58,Male,49.6718848597547,165.14578644165962,Not Active,Light Dumbbell Press,53,236.93
43,Male,83.20665961123423,153.28474294771829,Fully Active,Dumbbell Rows,15,112.33
27,Male,119.75226403897327,161.41176817468497,Not Active,Dumbbell Rows,6,64.67
26,Female,106.0477702129514,162.33018174890123,Moderately Active,Push-ups,30,318.14
45,Male,91.14145786732581,174.20385348551008,Not Active,Lunges,40,401.02
16,Female,67.96902155899588,187.3722203298347,Not Active,Push-ups,37,251.49
49,Female,91.79218772187289,173.69049141989734,Not Active,Lunges,51,514.95
37,Male,84.52810979337387,152.89222247235804,Not Active,Plank,17,71.85
31,Male,76.95625379177787,197.8894900494102,Not Active,Dumbbell Rows,44,304.75
40,Male,54.80327825551496,197.13621595470562,Fully Active,Lunges,29,174.82
22,Female,111.495316143035,189.2594771574204,Fully Active,Plank,8,44.6
43,Male,78.73384866159918,199.56639507821103,Fully Active,Step-Ups,46,362.18
40,Male,59.59668838655738,177.22411664001314,Moderately Active,High Knees,23,178.19
24,Male,72.58195131579672,198.1384175126603,Not Active,Lunges,22,175.65
40,Male,76.05973143966952,153.78025203083754,Fully Active,Step-Ups,41,311.84
48,Male,107.06534216751558,168.28403741306857,Moderately Active,Deadlifts,34,546.03
55,Female,100.02107854210516,161.2690634003383,Fully Active,Plank,23,115.02
21,Female,102.69786702310049,159.7916542067135,Fully Active,Running in Place,27,388.2
18,Male,45.82734483214854,157.04014744463382,Not Active,Running in Place,58,372.12
59,Male,76.2115498634821,181.12068207829984,Moderately Active,Lunges,20,167.67
25,Male,81.10081137264928,189.06609278736525,Not Active,Brisk Walking,5,32.44
43,Male,46.43942076172925,178.91491997101804,Not Active,Plank,16,37.15
50,Female,64.48599065587757,157.34813547941047,Fully Active,Deadlifts,28,270.84
39,Male,102.02173673416013,190.55618849667354,Not Active,Running in Place,38,542.76
35,Female,55.28322792967493,181.79773535818643,Moderately Active,Burpees,57,504.18
50,Female,85.14825985894437,169.40828530634977,Not Active,Deadlifts,12,153.27
24,Male,61.14014040129281,183.70651477680315,Not Active,Plank,22,67.25
51,Female,45.90905809829199,162.99524896214163,Not Active,Burpees,52,381.96
23,Female,63.090109319965606,167.25961042471053,Fully Active,Cycling,9,79.49
38,Female,118.19053161825403,195.8742921565995,Moderately Active,Sprints,30,638.23
49,Female,105.11528339122421,164.52522528357102,Fully Active,Deadlifts,34,536.09
49,Male,116.9682483240775,173.49941340789684,Fully Active,Push-ups,58,678.42
50,Male,81.58905329447718,194.50705686980075,Fully Active,Lunges,17,152.57
32,Female,53.23021490081276,185.38606751337636,Fully Active,Push-ups,23,122.43
53,Male,86.09696167302698,153.11016130823515,Fully Active,Step-Ups,33,284.12
46,Male,79.07830009199706,157.3651522139485,Moderately Active,Bodyweight Squats,7,55.35
38,Male,108.3267812054712,150.39207953859585,Not Active,Cycling,30,454.97
37,Male,52.35619355881835,181.54608951145818,Fully Active,Mountain Climbers,44,322.51
46,Male,81.61808527663337,172.38367127052092,Fully Active,Light Dumbbell Press,16,117.53
51,Female,56.253649852048824,156.71374254511377,Moderately Active,High Knees,6,43.88
26,Male,69.3506945167545,197.8967060528385,Moderately Active,Jumping Jacks,15,124.83
27,Male,100.30178080408498,176.48298619728098,Not Active,Dumbbell Rows,48,433.3
37,Male,80.7013597026575,162.09466470564445,Moderately Active,Medicine Ball Slams,32,309.89
39,Male,73.1916213859327,175.03017855773538,Not Active,Burpees,22,257.63
49,Female,74.58572089275265,183.98101663675538,Fully Active,Sprints,17,228.23
55,Female,79.45850763044899,153.81196089867822,Fully Active,Running in Place,41,456.09
44,Female,103.87624078777927,163.7351907523946,Not Active,Mountain Climbers,26,378.11
31,Female,111.90635167051758,190.34827454419968,Moderately Active,Kettlebell Swings,16,232.77
34,Male,116.65010148779461,172.98324352013307,Not Active,High Knees,6,90.99
39,Female,104.01775396914712,177.32885710161474,Moderately Active,Mountain Climbers,41,597.06
36,Male,68.65551718110095,171.64080011047346,Fully Active,Sprints,11,135.94
27,Male,96.61010295649066,152.19499713215026,Moderately Active,Burpees,30,463.73
33,Male,77.8202343041544,158.2874889910078,Not Active,Sprints,30,420.23
50,Male,64.10029665345384,172.27708193709455,Not Active,Cycling,28,251.27
26,Male,108.0653684569442,160.45927327039638,Fully Active,Brisk Walking,16,138.32
55,Female,47.881976172174376,152.49895143298394,Moderately Active,Medicine Ball Slams,20,114.92
33,Female,112.63214941015677,192.1824832025912,Moderately Active,Step-Ups,27,304.11
26,Female,79.61080984685506,199.0596264582058,Moderately Active,Lunges,44,385.32
23,Female,92.79011076062103,189.65714369983698,Fully Active,Light Dumbbell Press,13,108.56
21,Male,94.4515441654337,192.68924608523335,Moderately Active,Medicine Ball Slams,36,408.03
42,Female,112.13383055299023,162.09885651585228,Not Active,Kettlebell Swings,19,276.97
28,Male,92.75022616254054,198.03134877565998,Moderately Active,Deadlifts,41,570.41
45,Female,91.04501885700464,159.8462852226714,Fully Active,Medicine Ball Slams,17,185.73
33,Male,49.99890304205175,197.57149051809162,Moderately Active,Sprints,9,81.0
30,Male,83.88060164589031,199.74096469829755,Moderately Active,Kettlebell Swings,15,163.57
19,Female,56.262675061278124,185.58614028730244,Not Active,Lunges,14,86.64
49,Male,100.30753265411141,199.05718658959108,Moderately Active,Cycling,56,786.41
26,Male,83.41664406095059,178.4769889783552,Not Active,Running in Place,17,198.53
39,Female,96.0170834406265,162.97708915880452,Not Active,Jumping Jacks,45,518.49
35,Male,48.12546754517882,171.84979428328103,Fully Active,Brisk Walking,57,219.45
50,Female,51.35940120343524,179.67804676893928,Not Active,Sprints,50,462.23
37,Female,98.72425410470117,153.65407810135076,Not Active,Bodyweight Squats,54,533.11
30,Female,50.4063251999005,181.1171632308623,Fully Active,Burpees,19,153.24
53,Male,50.3442545823944,199.05889183811473,Not Active,Plank,46,115.79
59,Male,45.90813564261656,159.5053824891864,Fully Active,Running in Place,11,70.7
56,Male,116.737604872461,189.62975581441916,Moderately Active,Step-Ups,44,513.65
53,Female,100.31312695942552,195.39493968898097,Fully Active,Burpees,32,513.6
28,Male,71.4938556376548,197.18507964101104,Not Active,Burpees,36,411.8
45,Female,67.24016859657414,198.00678022027236,Fully Active,Push-ups,39,262.24
19,Female,71.22774223093872,176.0729819360736,Not Active,Deadlifts,19,203.0
49,Male,103.09901483858863,198.8653953995752,Moderately Active,Deadlifts,52,804.17
37,Female,94.60279583028108,187.86551035672193,Fully Active,Light Dumbbell Press,40,340.57
43,Male,58.8896675900601,158.0835718118481,Moderately Active,Kettlebell Swings,25,191.39
57,Male,58.05820015005632,173.8450053233985,Not Active,Lunges,10,63.86
25,Male,52.3796737285048,185.9165587686002,Not Active,Kettlebell Swings,5,34.05
32,Male,94.52270397760036,162.36701579095416,Moderately Active,Bodyweight Squats,8,75.62
26,Male,102.32794966663019,182.03075917744437,Fully Active,Dumbbell Rows,15,138.14
23,Female,64.8784821243753,183.33002395233098,Fully Active,Deadlifts,48,467.13
24,Female,46.57087207731846,158.1349871904283,Not Active,Kettlebell Swings,30,181.63
58,Female,51.16287506073205,178.2542656226378,Moderately Active,Lunges,41,230.74
31,Male,117.58950261337729,188.5813455489304,Moderately Active,High Knees,27,412.74
52,Male,67.15835831080652,174.94478322679709,Fully Active,Lunges,33,243.78
21,Male,102.69173608786002,150.60515583880536,Fully Active,Deadlifts,25,385.09
27,Female,91.84976766406979,150.4519234539646,Fully Active,Kettlebell Swings,52,620.9
54,Male,73.64547297396719,167.85146719850061,Moderately Active,Lunges,49,396.95
56,Female,60.426544664666636,196.3097034215891,Fully Active,Medicine Ball Slams,49,355.31
23,Female,54.10398136195548,161.43383898018044,Fully Active,Plank,53,143.38
41,Male,91.125972602915,181.71818444358436,Not Active,Push-ups,31,282.49
16,Male,103.0975335478341,161.10379353466604,Fully Active,Sprints,43,797.97
19,Female,93.2928190155848,166.08349948297743,Fully Active,Sprints,44,738.88
43,Male,84.77265999368687,192.4021044800742,Moderately Active,Deadlifts,17,216.17
51,Female,48.14634175737272,186.44307211349735,Moderately Active,High Knees,27,168.99
52,Male,117.63665831957879,154.76996386566054,Not Active,Cycling,20,329.38
33,Male,104.9035643740931,171.43510104932167,Fully Active,Jumping Jacks,34,428.01
22,Female,66.96165275257235,151.4584881822632,Not Active,Medicine Ball Slams,8,64.28
59,Male,118.4977747019138,174.04450733015045,Moderately Active,Kettlebell Swings,44,677.81
15,Female,90.14111922272416,183.12170058505342,Not Active,High Knees,20,234.37
36,Male,88.6816993655435,155.92513117990757,Moderately Active,Jumping Jacks,35,372.46
31,Female,101.1054884572149,164.44424694545827,Not Active,Mountain Climbers,57,806.82
21,Female,105.88273410676032,169.89183127510785,Not Active,Light Dumbbell Press,46,438.35
39,Male,94.2358955498627,195.97655123280248,Fully Active,Plank,29,136.64
59,Female,54.607180977465006,199.6627507711482,Not Active,Bodyweight Squats,48,262.11
18,Male,70.37006294958738,152.2455649497808,Fully Active,Plank,16,56.3
50,Male,114.60627302445373,188.05039617476962,Fully Active,Running in Place,30,481.35
20,Male,61.846170888288896,168.58620332011716,Fully Active,Burpees,41,405.71
45,Female,72.9125267878135,169.622909311474,Fully Active,Step-Ups,52,379.15
33,Female,77.4057662208147,187.71324866735114,Not Active,Deadlifts,37,429.6
58,Male,77.95537422708392,195.92132160727044,Moderately Active,Burpees,32,399.13
53,Male,90.97046868708941,197.5464297251274,Moderately Active,Burpees,13,189.22
41,Female,115.73068783085307,178.85612930191604,Moderately Active,Plank,16,92.58
24,Male,63.05195338743788,167.85605796502514,Not Active,Deadlifts,9,85.12
40,Male,54.11260322256885,189.37745429293898,Fully Active,Sprints,58,564.94
33,Female,59.8102867394953,162.550069163115,Moderately Active,Running in Place,56,468.91
53,Male,111.51936751569521,178.2037014416759,Not Active,High Knees,58,840.86
17,Female,93.43581094914046,167.92892307624365,Fully Active,Running in Place,32,418.59
59,Male,66.44300919293701,182.8315536853938,Moderately Active,Cycling,39,362.78
27,Female,106.19602042264628,162.01994564467535,Fully Active,Jumping Jacks,9,114.69
42,Male,109.6027497272577,159.57964728674128,Moderately Active,Step-Ups,38,416.49
34,Male,108.48857540177085,195.91195433377186,Moderately Active,Medicine Ball Slams,50,650.93
42,Female,113.91949002296658,155.09018414747683,Moderately Active,Medicine Ball Slams,38,519.47
22,Male,63.91807651300212,175.29789538674657,Fully Active,Deadlifts,17,162.99
55,Female,101.62814465597087,161.04263914815044,Not Active,Medicine Ball Slams,43,524.4
53,Male,79.5404622955605,151.94649816628336,Fully Active,Kettlebell Swings,46,475.65
15,Female,108.14989146675461,151.80094091457133,Moderately Active,Lunges,49,582.93
17,Female,99.63680078712099,158.76108860529138,Fully Active,Jumping Jacks,52,621.73
27,Female,103.23355848747934,193.33851772530002,Not Active,Push-ups,18,185.82
42,Female,94.21213782608037,164.12393719885134,Fully Active,Deadlifts,15,211.98
39,Male,58.30715771022801,197.52295852876478,Not Active,High Knees,46,348.68
47,Male,85.87701891727038,179.08111464945966,Not Active,Kettlebell Swings,42,468.89
52,Female,118.85023046433811,171.83070948843832,Fully Active,Lunges,8,104.59
20,Female,115.30410498728392,179.00444173347273,Moderately Active,Running in Place,57,920.13
58,Female,48.23803018477587,175.8349192613134,Not Active,Dumbbell Rows,37,160.63
59,Male,57.361111179707784,187.93881268786626,Fully Active,Push-ups,11,63.1
46,Male,54.87965800909214,164.1248032986426,Not Active,Kettlebell Swings,45,321.05
59,Male,99.44849324889717,167.6525195800151,Moderately Active,Burpees,12,190.94
35,Male,106.33389973927089,194.70471512666253,Fully Active,Step-Ups,41,435.97
30,Female,61.013352473300394,197.32282565752027,Fully Active,Cycling,55,469.8
35,Female,82.93895197138718,194.62791137432373,Fully Active,Deadlifts,14,174.17
25,Female,108.05272710084,170.97239969786568,Moderately Active,Running in Place,47,710.99
51,Male,99.9601158574688,189.0182751503441,Not Active,Burpees,19,303.88
50,Male,85.66779041188863,173.81678666505493,Fully Active,Deadlifts,42,539.71
49,Male,89.27607678440796,174.8769926073051,Not Active,Deadlifts,19,254.44
33,Female,83.127041018721,160.2340054528642,Not Active,Mountain Climbers,9,104.74
34,Female,67.31613384891155,179.55651516292582,Moderately Active,Light Dumbbell Press,33,199.93
32,Male,87.37664946442621,159.3067948876674,Fully Active,Mountain Climbers,23,281.35
55,Female,96.6663976537568,166.5782349533597,Not Active,Cycling,58,784.93
28,Male,110.49921868956058,192.75151008099675,Fully Active,Bodyweight Squats,55,607.75
29,Male,92.7218515484436,160.35379046054277,Fully Active,Kettlebell Swings,14,168.75
45,Female,102.08411527823685,153.55791425867164,Moderately Active,Cycling,16,228.67
15,Male,57.005372621592976,153.4503796306408,Fully Active,Step-Ups,58,330.63
17,Female,79.61681058148424,197.0392260251554,Fully Active,Medicine Ball Slams,8,76.43
30,Male,45.699871487032,175.34602189809172,Not Active,Step-Ups,35,159.95
37,Female,63.50091483912173,170.4706035908509,Moderately Active,Step-Ups,22,139.7
25,Female,99.48462863347535,190.54392905039592,Fully Active,Deadlifts,20,298.45
26,Female,119.38574635120226,191.7912963955258,Not Active,Medicine Ball Slams,44,630.36
24,Male,52.43835746904119,166.60955165578022,Moderately Active,Sprints,40,377.56
46,Male,75.11207368959663,184.68090287368977,Moderately Active,Bodyweight Squats,29,217.83
30,Female,105.00532265243696,188.55614079259433,Not Active,Running in Place,27,396.92
22,Female,60.302672597167415,182.73253434329774,Not Active,Plank,16,48.24
52,Male,86.63137119767147,157.57975374000497,Not Active,Plank,38,164.6
26,Male,99.9803472022256,193.79415417585284,Not Active,Jumping Jacks,40,479.91
38,Male,91.19890876951342,176.95472763680044,Not Active,Kettlebell Swings,41,486.09
42,Female,59.101855096156214,164.12362131850017,Fully Active,Mountain Climbers,7,57.92
22,Male,71.65384265143045,171.2614092718847,Fully Active,Deadlifts,13,139.72
42,Male,103.7843838364048,151.87855451994537,Moderately Active,Plank,57,295.79
50,Female,86.56698855990125,156.39334006112088,Fully Active,Jumping Jacks,22,228.54
40,Male,45.392221015718455,188.27733752579303,Fully Active,Brisk Walking,47,170.67
22,Male,102.07430700210705,150.0005817377683,Fully Active,Deadlifts,39,597.13
42,Male,47.64835162051793,170.8282914241146,Not Active,Mountain Climbers,59,393.58
42,Female,100.9300337048424,176.12550905427943,Moderately Active,Medicine Ball Slams,38,460.24
51,Female,60.186042012392804,152.73172100004862,Moderately Active,Bodyweight Squats,45,270.84
55,Female,116.85551100895351,198.65390814861664,Moderately Active,Burpees,18,336.54
50,Female,72.59555634765633,161.3062665624836,Moderately Active,Bodyweight Squats,8,58.08
41,Female,69.51987122535593,165.20993598181406,Fully Active,Burpees,33,367.06
31,Female,56.16660377493335,165.19712561275136,Fully Active,Cycling,45,353.85
23,Female,67.92031616176612,161.5208331058675,Not Active,Jumping Jacks,49,399.37
47,Male,110.74880713711504,150.07369110431557,Moderately Active,Dumbbell Rows,54,538.24
34,Male,119.72507532204355,186.46723970439982,Fully Active,Jumping Jacks,19,272.97
27,Female,72.62321478801363,198.34227498996427,Fully Active,Bodyweight Squats,32,232.39
42,Male,78.64579732159069,161.21467416425224,Not Active,Burpees,46,578.83
43,Male,99.15532036520528,183.15235959017113,Not Active,High Knees,20,257.8
27,Female,111.46468353488059,187.09481634793576,Not Active,Running in Place,16,249.68
49,Male,89.47832506400881,192.42126895452623,Fully Active,Kettlebell Swings,56,651.4
20,Male,74.3644273633372,171.13145985068047,Fully Active,Bodyweight Squats,9,66.93
32,Male,75.94663806364679,165.14654528202146,Not Active,Deadlifts,38,432.9
19,Male,97.17136098726051,166.26475670115155,Moderately Active,Step-Ups,46,446.99
39,Male,45.2413697703209,185.63106665492563,Not Active,Step-Ups,5,22.62
16,Female,91.46920030948806,190.8389733252818,Not Active,Cycling,43,550.64
24,Female,71.66197578310181,159.08069838783013,Not Active,Burpees,36,412.77
44,Female,104.56479984578132,168.54705040788826,Not Active,Medicine Ball Slams,30,376.43
59,Male,51.97429798673491,195.0970098374575,Fully Active,Push-ups,21,109.15
19,Female,89.11517002112929,190.33467598473698,Moderately Active,Dumbbell Rows,52,417.06
47,Male,81.07296674145928,199.2429201381238,Not Active,Dumbbell Rows,31,226.19
15,Male,93.17441444289206,187.71241298410405,Moderately Active,Kettlebell Swings,28,339.15
32,Male,49.864019586222625,169.65976005139612,Moderately Active,Cycling,39,272.26
46,Male,88.49878405710984,179.5318916997319,Moderately Active,Lunges,50,486.74
25,Female,87.11134409696427,183.05071271236602,Not Active,Brisk Walking,46,320.57
35,Female,87.04950708121282,153.9227908158562,Fully Active,Running in Place,58,706.84
40,Male,90.2615749947341,177.22484795519324,Not Active,Cycling,43,543.37
39,Female,95.73509529197716,185.4660414236305,Moderately Active,Deadlifts,30,430.81
36,Male,105.37417497605773,158.36606520005301,Moderately Active,Cycling,53,781.88
41,Female,65.23655400961607,189.03158587127785,Fully Active,Brisk Walking,42,219.19
27,Female,106.87870576350466,179.18863902570558,Not Active,Mountain Climbers,27,404.0
47,Male,82.36917616975902,197.61108928487974,Moderately Active,Burpees,26,342.66
48,Female,50.77937093507484,152.12111491034457,Fully Active,Lunges,8,44.69
55,Male,49.39131969329844,163.26630687777336,Moderately Active,Plank,53,130.89
49,Female,70.06787390220455,180.0776939649912,Fully Active,Light Dumbbell Press,13,81.98
15,Male,103.86727328336006,164.82799561029654,Fully Active,Light Dumbbell Press,8,74.78
35,Male,98.07607010556868,185.72120820356213,Not Active,Lunges,11,118.67
20,Female,104.14612235043049,187.95026412609656,Moderately Active,Kettlebell Swings,27,365.55
42,Female,83.7951792331207,155.1257982033237,Not Active,Lunges,6,55.3
31,Male,78.01492484666178,175.6927232103384,Moderately Active,Bodyweight Squats,53,413.48
19,Female,56.0589395029713,175.4445277795528,Not Active,Deadlifts,28,235.45
45,Female,69.61445652069837,168.46403851077704,Moderately Active,Brisk Walking,44,245.04
19,Male,77.55145246304065,196.6462431284836,Not Active,Dumbbell Rows,59,411.8
52,Male,51.64503222597129,191.37531599366105,Fully Active,Deadlifts,35,271.14
17,Female,61.545896453340845,184.86046909548185,Moderately Active,Dumbbell Rows,51,282.5
37,Male,89.86689705478041,185.7163317867499,Moderately Active,Cycling,35,440.35
51,Male,100.17473356793923,173.08580719065594,Fully Active,Running in Place,51,715.25
51,Male,119.87606335447123,196.0497260548288,Not Active,Plank,44,263.73
24,Female,114.98349985076682,184.72977136266428,Moderately Active,Burpees,52,956.66
24,Female,93.19238996513937,186.4490530827908,Moderately Active,Sprints,55,922.6
33,Male,76.5936039970554,193.08454518936725,Not Active,Cycling,47,503.99
31,Female,92.71330235311746,163.70357946710956,Fully Active,Medicine Ball Slams,38,422.77
35,Male,103.9238713560174,190.35354519333515,Not Active,Plank,59,306.58
28,Female,53.87521431925405,159.7620301478246,Not Active,Light Dumbbell Press,28,135.77
23,Male,75.74286672722161,167.26709761224438,Not Active,Dumbbell Rows,53,361.29
15,Male,107.9851714226713,166.78052271349213,Moderately Active,Deadlifts,30,485.93
59,Female,73.7874713949783,198.92627341945703,Fully Active,Brisk Walking,20,118.06
27,Male,87.890420342039,192.82686118739633,Fully Active,Deadlifts,51,672.36
18,Female,89.08270206466486,185.05849307951297,Not Active,High Knees,17,196.87
15,Female,58.83571898502295,186.35283808076952,Moderately Active,Light Dumbbell Press,19,100.61
54,Male,72.16765812392163,178.10363972012857,Not Active,Dumbbell Rows,31,201.35
46,Male,70.08834665564491,197.35453335542596,Moderately Active,Cycling,8,78.5
48,Female,46.96475313990486,174.81293764411808,Moderately Active,Push-ups,20,93.93
42,Male,46.81438229185164,169.02588549349474,Moderately Active,Bodyweight Squats,34,159.17
45,Male,107.37727827568301,158.15176684657956,Moderately Active,Push-ups,48,515.41
22,Male,65.48031074796093,189.3102826130529,Fully Active,Running in Place,34,311.69
53,Male,83.85590746791115,186.72219660377957,Moderately Active,Push-ups,40,335.42
40,Male,67.40441801915799,169.21775192620674,Moderately Active,Sprints,7,84.93
48,Female,115.55094338365053,151.25967069796147,Not Active,Light Dumbbell Press,26,270.39
17,Female,64.44725691493304,191.94986638590052,Not Active,Kettlebell Swings,53,444.04
26,Male,77.22426095542014,150.5708991727037,Fully Active,High Knees,26,261.02
15,Male,110.45476878634514,185.18498898145253,Not Active,Mountain Climbers,54,835.04
58,Male,108.14501750938564,198.51285548630284,Moderately Active,Deadlifts,54,875.97
19,Female,58.9576063384708,171.88306640741018,Not Active,Bodyweight Squats,59,347.85
44,Male,105.19824823467829,161.74867024979764,Fully Active,Deadlifts,53,836.33
44,Female,79.36401650534195,185.2435505021691,Not Active,Push-ups,16,126.98
31,Female,81.22266540640163,190.85640710077925,Not Active,Dumbbell Rows,59,431.29
37,Female,55.01099793119578,177.32151580389237,Fully Active,Step-Ups,25,137.53
29,Male,51.04511353178435,198.3517637628073,Fully Active,Plank,8,20.42
51,Female,99.59544802303239,152.58343608289806,Moderately Active,Plank,35,174.29
35,Male,82.23458642664748,175.2397799152264,Not Active,Kettlebell Swings,48,513.14
28,Female,77.76380269613847,185.9226973661275,Moderately Active,Medicine Ball Slams,35,326.61
16,Male,99.71311714892975,193.13202355745895,Not Active,Light Dumbbell Press,27,242.3
25,Female,102.41346742433323,158.9627805953895,Not Active,Lunges,58,653.4
53,Male,56.91811257520152,190.00017408818405,Moderately Active,Burpees,57,519.09
52,Female,90.76688621082309,177.63535378592726,Not Active,Cycling,24,304.98
48,Male,55.15155617082641,169.82768409949816,Not Active,Brisk Walking,19,83.83
52,Male,101.35313145217842,156.58575142895467,Not Active,Lunges,27,301.02
48,Male,94.27163672003547,193.26478794544562,Fully Active,High Knees,32,392.17
32,Male,116.74609658125935,157.86366040898577,Moderately Active,Plank,20,116.75
44,Female,50.17185122673159,165.48939296045495,Fully Active,Sprints,41,370.27
29,Female,49.27910408634408,164.50227659812185,Moderately Active,Mountain Climbers,25,172.48
41,Male,66.16403060199,193.57070170954273,Moderately Active,Step-Ups,19,125.71
48,Female,64.62792628019295,183.6351497104449,Not Active,Brisk Walking,21,108.57
52,Male,63.523409930399986,189.83406985956861,Moderately Active,Push-ups,54,343.03
47,Male,112.96909353907775,162.52339493962495,Fully Active,Mountain Climbers,41,648.44
38,Female,63.715964988712955,181.24370498034995,Fully Active,Burpees,17,173.31
29,Male,65.39622945964733,178.58729915718743,Fully Active,Lunges,23,165.45
44,Male,101.95486968134728,191.64151883941355,Moderately Active,Running in Place,34,485.31
56,Female,78.7304881837905,195.30435302406303,Fully Active,Running in Place,49,540.09
31,Male,103.2532917716386,150.60783857386934,Moderately Active,Kettlebell Swings,22,295.3
19,Male,49.90246181732889,183.70099595293965,Fully Active,Burpees,18,143.72
43,Male,81.56783952550381,152.59178995598646,Fully Active,Dumbbell Rows,40,293.64
18,Male,47.521020013746195,177.4429332538678,Moderately Active,Mountain Climbers,40,266.12
24,Female,49.698990259151586,164.3816364521839,Fully Active,Deadlifts,24,178.92
31,Female,112.98280900083083,165.33882997610706,Not Active,Deadlifts,56,949.06
24,Female,55.44340283381963,167.64792517261782,Moderately Active,Push-ups,23,127.52
31,Male,84.93155117064128,181.0646224524805,Moderately Active,Dumbbell Rows,49,374.55
34,Male,75.832170195053,166.70249828343844,Moderately Active,Bodyweight Squats,48,363.99
38,Female,71.0507494694132,186.634952529514,Not Active,Brisk Walking,11,62.52
19,Male,112.48750092654544,170.22636927869348,Moderately Active,Step-Ups,48,539.94
48,Male,46.636754758161715,153.41766001549794,Fully Active,Kettlebell Swings,57,345.58
20,Male,94.78422646316918,189.18799212420538,Fully Active,Step-Ups,8,75.83
16,Male,117.25458256601628,164.2879162296353,Fully Active,Mountain Climbers,38,623.79
27,Female,87.01261375963814,171.63834397996314,Moderately Active,Sprints,6,93.97
57,Female,115.26168465248189,184.2721941610951,Fully Active,Medicine Ball Slams,9,124.48
57,Female,48.91934094645178,166.6228078574356,Moderately Active,Bodyweight Squats,59,288.62
25,Male,76.40949893056211,152.82928280733577,Fully Active,Plank,14,53.49
37,Female,64.51183432215385,168.69605235064068,Not Active,Medicine Ball Slams,36,278.69
30,Female,99.81157237355472,197.22242913471518,Not Active,Step-Ups,46,459.13
45,Male,118.5972817872935,182.08671986492791,Not Active,Sprints,45,960.64
25,Male,64.23975468331858,183.57395743336036,Not Active,Burpees,17,174.73
30,Female,94.0630951105556,181.614107681882,Moderately Active,Push-ups,43,404.47
22,Female,59.85732245698051,159.94960694797183,Fully Active,Running in Place,9,75.42
18,Female,87.39976909287074,170.916693205114,Not Active,Burpees,14,195.78
54,Female,79.79493650162522,187.5469899181659,Moderately Active,Push-ups,14,111.71
18,Male,117.90039972236528,155.06864487765796,Not Active,Cycling,42,693.25
39,Female,90.63954545223498,163.8926388044856,Not Active,Deadlifts,31,421.47
17,Female,71.21297790651141,163.81595542329268,Moderately Active,Jumping Jacks,55,470.01
46,Male,53.557183866595004,171.60094637972531,Moderately Active,Running in Place,25,187.45
17,Female,56.343512155120095,199.01843704710924,Fully Active,Brisk Walking,12,54.09
41,Male,61.89876974634263,153.3751273341911,Fully Active,Plank,5,15.47
43,Male,63.82249960052235,175.93504971902976,Not Active,Plank,32,102.12
46,Male,108.79620433808535,158.96823410061052,Not Active,Deadlifts,53,864.93
33,Female,87.09170912118937,198.53382727048722,Fully Active,Running in Place,43,524.29
35,Female,84.25431835307748,155.66517523637322,Fully Active,Push-ups,18,151.66
19,Male,53.607665390191315,170.18005011807958,Moderately Active,Jumping Jacks,25,160.82
32,Female,109.51047700120762,186.8942492417303,Fully Active,Burpees,34,595.74
42,Female,99.21107274063628,185.22772140137226,Fully Active,Step-Ups,25,248.03
56,Male,50.07512714250012,171.1364318446966,Not Active,Push-ups,53,265.4
36,Male,98.08763229223266,167.32620839763592,Fully Active,High Knees,13,165.77
35,Female,85.76536630069845,169.88061892764352,Not Active,Cycling,21,252.15
20,Male,51.12940093100837,163.21381315793195,Fully Active,Medicine Ball Slams,9,55.22
15,Female,79.37254811464923,160.26664693534,Moderately Active,Dumbbell Rows,35,250.02
19,Female,81.35222153475353,174.1519848779445,Fully Active,Jumping Jacks,56,546.69
55,Female,57.433090512245684,163.42668780338036,Fully Active,Kettlebell Swings,44,328.52
26,Female,115.92736102502117,164.3730832448625,Fully Active,Brisk Walking,42,389.52
40,Male,108.74815286104965,182.83780317372785,Not Active,Light Dumbbell Press,47,460.0
48,Male,95.17667529968313,198.42686658499463,Moderately Active,Cycling,23,306.47
28,Male,79.67216707504554,180.18186002796875,Fully Active,Mountain Climbers,40,446.16
40,Male,75.88241561883814,153.8489733532483,Not Active,Plank,54,204.88
59,Female,93.82301003632156,153.77918069270333,Moderately Active,Burpees,37,555.43
41,Female,85.90739020551791,197.5711610422783,Not Active,Light Dumbbell Press,17,131.44
23,Male,49.67048294114142,164.8645395153667,Not Active,Burpees,18,143.05
40,Female,83.43769865777487,154.60334930412378,Moderately Active,Plank,37,154.36
36,Female,105.48027129246296,179.9522293575191,Fully Active,Lunges,33,382.89
44,Female,79.44299081977186,181.1824389145133,Not Active,Plank,47,186.69
57,Male,48.89674331657013,182.42524100593442,Not Active,Sprints,53,466.47
31,Male,103.97086495380248,163.37010139287707,Fully Active,Burpees,40,665.41
40,Male,60.10228366019808,150.75553421072374,Fully Active,Mountain Climbers,48,403.89
50,Female,64.3965626166029,198.2507684727236,Moderately Active,Kettlebell Swings,14,117.2
15,Male,57.35297650742219,162.54465228455513,Moderately Active,Kettlebell Swings,35,260.96
22,Male,69.76612986536232,183.80131440262738,Moderately Active,Sprints,10,125.58
49,Male,101.75636292664763,185.33149349393548,Fully Active,Kettlebell Swings,5,66.14
29,Male,83.95393946279529,180.5003708539743,Not Active,Lunges,11,101.58
36,Male,60.36609556130344,165.64536971068242,Not Active,Lunges,31,205.85
28,Male,110.83725586140307,163.5548126882033,Moderately Active,Step-Ups,25,277.09
40,Female,110.96863912136469,179.88341413513515,Fully Active,Lunges,32,390.61
42,Female,110.29338187845052,193.30478168058457,Not Active,Kettlebell Swings,20,286.76
37,Male,62.909715853615445,197.33668644616978,Moderately Active,Brisk Walking,50,251.64
28,Male,78.8429508135741,155.2952902201879,Not Active,Running in Place,27,298.03
38,Female,118.87422421056563,157.741430629886,Not Active,Lunges,56,732.27
16,Female,102.90093572324928,197.236812939154,Fully Active,Plank,24,123.48
59,Male,47.03755659191699,186.82676141673963,Fully Active,Lunges,42,217.31
40,Male,49.890344344536906,194.14969124148865,Not Active,Deadlifts,58,434.05
28,Male,79.79485326092495,160.13163170676717,Moderately Active,Cycling,29,323.97
21,Male,113.191515439617,179.3792935554701,Fully Active,Bodyweight Squats,32,362.21
17,Female,85.40263484645357,185.0569797208737,Not Active,Running in Place,9,107.61
37,Male,82.33593810257176,184.00559427234862,Fully Active,Mountain Climbers,25,288.18
57,Male,52.91052749674729,170.4075845433349,Fully Active,Deadlifts,22,174.6
59,Male,94.25850785432206,150.76974458456542,Fully Active,Jumping Jacks,51,576.86
32,Male,106.65773704501692,179.14630284021317,Not Active,Bodyweight Squats,10,106.66
52,Female,73.53150056306717,162.65507695898043,Moderately Active,Lunges,33,266.92
49,Female,103.17088881939955,172.5127123071445,Moderately Active,High Knees,23,308.48
29,Female,117.33574904256088,197.87905075419087,Moderately Active,Sprints,37,781.46
39,Male,60.28248443457668,169.95176588212175,Fully Active,Bodyweight Squats,5,30.14
51,Male,84.2497223396056,191.99008033322133,Not Active,Kettlebell Swings,49,536.67
42,Female,66.53534685634317,159.42703028746257,Fully Active,Push-ups,7,46.57
24,Male,104.46408142753795,183.62302490125143,Moderately Active,Step-Ups,46,480.53
53,Male,88.31950244108681,198.85034772194717,Moderately Active,Sprints,25,397.44
31,Female,92.59368131627278,155.09465504364684,Not Active,Running in Place,39,505.56
53,Female,104.84356197119206,150.4159971113596,Fully Active,Bodyweight Squats,45,471.8
36,Female,74.69778544968412,171.67913963163073,Moderately Active,Mountain Climbers,44,460.14
40,Female,113.63175513052825,154.63127415256835,Not Active,Light Dumbbell Press,7,71.59
58,Male,84.9771650434605,187.41921748381156,Fully Active,Sprints,29,443.58
39,Male,56.8466117126511,195.72743319242795,Fully Active,Plank,49,139.27
31,Female,97.19243386266018,171.70104863543793,Moderately Active,Light Dumbbell Press,42,367.39
27,Male,104.49460128286908,162.93558210777203,Moderately Active,Burpees,49,819.24
34,Female,68.7571257800645,171.72016595033048,Fully Active,Kettlebell Swings,59,527.37
39,Female,109.28844427490647,186.17239089250006,Fully Active,Mountain Climbers,24,367.21
18,Male,112.96074410743248,150.45270807901855,Moderately Active,Medicine Ball Slams,56,759.1
24,Female,65.76783655333567,179.47269947423484,Fully Active,Mountain Climbers,48,441.96
17,Male,118.76411045364165,180.66458424436894,Moderately Active,Burpees,49,931.11
55,Male,55.55336460365688,181.88441234479677,Fully Active,Bodyweight Squats,38,211.1
59,Male,60.15117513018674,162.10110399904386,Moderately Active,Brisk Walking,25,120.3
32,Male,58.816862942851955,185.70263616890634,Not Active,Push-ups,59,347.02
50,Female,112.04922825059028,154.5695743165888,Moderately Active,Bodyweight Squats,52,582.66
36,Male,94.07194142437214,159.96351682334003,Moderately Active,Step-Ups,27,253.99
48,Female,56.40782124167046,193.8735023327241,Not Active,Mountain Climbers,10,78.97
22,Female,78.02425637762617,186.93615753632832,Fully Active,Push-ups,55,429.13
54,Female,91.14735188023515,150.68727770056725,Not Active,Light Dumbbell Press,57,467.59
58,Female,51.25980637420375,162.41881301849,Moderately Active,Light Dumbbell Press,17,78.43
33,Male,111.18122763055041,160.72032414965824,Fully Active,Burpees,53,942.82
56,Male,105.27026515811514,163.54031640184863,Not Active,Cycling,27,397.92
55,Female,82.89050801824786,162.37798851399432,Fully Active,Light Dumbbell Press,13,96.98
51,Female,117.53449614443778,153.1263147871423,Fully Active,Running in Place,21,345.55
20,Male,76.33207344563247,172.947025829841,Not Active,Cycling,6,64.12
40,Female,118.80827392773733,186.63667373930826,Fully Active,Light Dumbbell Press,23,245.93
48,Male,95.09399991027203,180.33658623587183,Not Active,Dumbbell Rows,23,196.84
59,Female,92.60034549404561,183.643583429904,Moderately Active,Bodyweight Squats,11,101.86
20,Male,57.44661714718387,154.05745892681196,Fully Active,Cycling,58,466.47
51,Female,111.14458187284829,197.57453550883935,Moderately Active,Medicine Ball Slams,46,613.52
47,Female,77.06172659404614,191.92459169215124,Moderately Active,Brisk Walking,46,283.59
36,Male,57.16750543368595,190.25451592478314,Fully Active,Bodyweight Squats,24,137.2
35,Female,45.945563998181925,191.14919025208837,Not Active,Step-Ups,13,59.73
20,Female,86.9816762728787,196.63552540663807,Fully Active,Sprints,21,328.79
20,Male,84.55497165920073,177.21269830568488,Moderately Active,Jumping Jacks,31,314.54
18,Female,98.95152167768688,160.01410089338128,Moderately Active,Kettlebell Swings,51,656.05
44,Male,111.76935397633515,180.83918039262704,Not Active,Push-ups,6,67.06
25,Male,50.95549384822721,187.14407468339695,Fully Active,Jumping Jacks,40,244.59
44,Female,99.86223677552718,186.89586966770128,Moderately Active,Jumping Jacks,23,275.62
45,Female,59.05589580731866,176.072451208344,Moderately Active,Jumping Jacks,21,148.82
38,Female,109.3632789867873,153.4229359666789,Moderately Active,Brisk Walking,9,78.74
23,Female,106.4297635396242,168.5556469215064,Not Active,Brisk Walking,43,366.12
17,Female,85.55953162391583,196.03833042316785,Moderately Active,Kettlebell Swings,22,244.7
45,Female,98.26820989674837,179.2224454878713,Moderately Active,Medicine Ball Slams,57,672.15
54,Female,68.57625848878112,176.91659716278568,Fully Active,Jumping Jacks,58,477.29
51,Male,80.3375924199611,163.44267571910967,Fully Active,Dumbbell Rows,11,79.53
50,Female,106.62276732828538,168.42244599582895,Moderately Active,Cycling,21,313.47
38,Male,79.44488978799104,194.76730445765847,Moderately Active,Brisk Walking,43,273.29
45,Female,71.83486989940813,183.3231523763418,Fully Active,Step-Ups,40,287.34
20,Female,82.0659335437725,189.36935133761665,Not Active,Burpees,44,577.74
16,Male,107.11869393279139,172.71727115338277,Not Active,Bodyweight Squats,49,524.88
34,Female,70.14060355281546,181.5123609728079,Not Active,Kettlebell Swings,8,72.95
42,Female,58.032119485180786,162.41918043716038,Not Active,Dumbbell Rows,42,219.36
25,Male,98.40105152480857,185.2730415141743,Not Active,Mountain Climbers,29,399.51
18,Female,106.94836595310613,171.38006668516687,Not Active,Deadlifts,9,144.38
29,Female,52.547810889265,172.12727574073728,Not Active,Kettlebell Swings,34,232.26
20,Female,62.99055845669585,182.4661162288441,Not Active,Deadlifts,16,151.18
44,Male,55.64789923207454,196.81403107344633,Fully Active,Mountain Climbers,8,62.33
52,Female,71.09560586866249,153.20031733043103,Not Active,Light Dumbbell Press,28,179.16
16,Female,78.77632341790596,191.23716186735038,Not Active,Medicine Ball Slams,33,311.95
29,Female,101.16197527224799,164.61915552060967,Not Active,Push-ups,13,131.51
25,Female,93.83606886612556,172.19597272531888,Moderately Active,Dumbbell Rows,8,67.56
22,Male,91.56964256088233,151.09566643875044,Fully Active,Mountain Climbers,55,705.09
40,Male,71.42812099572407,165.05230389171564,Fully Active,Lunges,28,220.0
59,Female,108.108566481357,175.1315621315065,Fully Active,Kettlebell Swings,18,252.97
58,Female,80.34653755486235,152.80880386737195,Not Active,Bodyweight Squats,9,72.31
19,Male,118.43287035113659,174.55478646915827,Not Active,Brisk Walking,22,208.44
20,Male,92.56066037218027,196.35553144292138,Moderately Active,Plank,46,212.89
40,Female,54.46985561733771,155.26966090539025,Fully Active,Push-ups,23,125.28
18,Male,95.71331715565755,188.22203640377523,Not Active,Kettlebell Swings,16,199.08
33,Female,69.38280115737743,170.48355266879963,Fully Active,Dumbbell Rows,22,137.38
34,Male,96.47453975145731,182.7586857262169,Moderately Active,Push-ups,21,202.6
47,Male,50.22308611218043,163.01182989926147,Moderately Active,Running in Place,34,239.06
34,Male,58.116107788196956,157.97461312706793,Moderately Active,Step-Ups,28,162.73
26,Male,109.18029441793398,158.02313071356133,Fully Active,Jumping Jacks,15,196.52
15,Female,62.03846677676361,153.52459728215723,Not Active,Brisk Walking,39,193.56
40,Male,107.7780843932205,159.28233524506214,Not Active,Sprints,27,523.8
28,Male,65.94570663408078,183.2109692494484,Moderately Active,Mountain Climbers,21,193.88
52,Female,93.21614325440308,194.0845305921754,Not Active,Kettlebell Swings,5,60.59
51,Male,97.06129301323733,190.70628427955808,Moderately Active,Medicine Ball Slams,19,221.3
25,Male,83.44910648587897,184.25671549372422,Fully Active,Sprints,36,540.75
50,Female,67.89830075225484,155.52159317055512,Moderately Active,Cycling,13,123.57
27,Male,60.94832822783221,164.4593723147975,Fully Active,Lunges,19,127.38
57,Female,47.48920159218196,165.49034376612346,Moderately Active,High Knees,32,197.56
17,Female,67.79598009305428,162.49784731988106,Not Active,Dumbbell Rows,28,170.85
47,Female,93.98720928984622,175.75028298548617,Not Active,Step-Ups,39,366.55
20,Female,115.3728613836362,176.77769074398364,Moderately Active,Step-Ups,26,299.97
24,Male,110.3403361697289,167.8442987585555,Not Active,Running in Place,31,478.88
19,Female,102.4548582401477,167.6894579368218,Not Active,Jumping Jacks,23,282.78
37,Male,104.1335507439974,191.42777989530407,Not Active,Mountain Climbers,49,714.36
24,Male,94.87386776069965,189.4646424159843,Fully Active,Mountain Climbers,16,212.52
58,Male,64.52151431745023,165.38979158403728,Not Active,Lunges,24,170.34
16,Male,113.03962730293723,195.68942219366295,Fully Active,Push-ups,5,56.52
27,Male,95.30492339293755,197.6407508501253,Moderately Active,Plank,25,119.13
54,Male,87.033047323533,166.33712710150203,Not Active,Medicine Ball Slams,53,553.53
16,Male,53.324210191011076,167.72124743965276,Not Active,Cycling,49,365.8
34,Male,78.52916578548191,175.28170767109793,Not Active,Dumbbell Rows,5,35.34
15,Male,79.52687034014447,197.05604062668368,Moderately Active,Bodyweight Squats,14,111.34
51,Male,109.84227071420025,193.81597165711557,Fully Active,Jumping Jacks,51,672.23
23,Female,85.99861651408413,155.1283981291795,Fully Active,Burpees,36,495.35
31,Female,73.53004117278073,169.6365371635708,Not Active,Kettlebell Swings,43,411.03
23,Female,118.26002463829946,177.6685594874886,Moderately Active,Mountain Climbers,26,430.47
25,Male,53.304044499473676,175.156623627577,Moderately Active,Step-Ups,22,117.27
29,Female,76.69113212339585,159.69315339684462,Moderately Active,Sprints,52,717.83
38,Female,48.1518506378554,192.94083855840773,Moderately Active,Lunges,50,264.84
52,Female,100.49280905751978,183.84703914984186,Moderately Active,Sprints,36,651.19
49,Male,113.8557414149363,191.89541874259018,Fully Active,Plank,31,176.48
44,Male,66.0027997162867,192.93821396747362,Fully Active,High Knees,32,274.57
45,Male,109.37562575993407,187.417792683287,Fully Active,Bodyweight Squats,22,240.63
19,Male,66.91636728464233,171.96053006248587,Not Active,Plank,43,143.87
58,Female,113.30776212329364,180.52733775077124,Moderately Active,Kettlebell Swings,53,780.69
28,Female,101.54714276975879,158.01827030598716,Not Active,Jumping Jacks,33,402.13
25,Female,105.3680082631079,183.68227087374538,Moderately Active,Step-Ups,22,231.81
23,Female,46.35049167003409,158.96266278696405,Fully Active,Light Dumbbell Press,48,200.23
48,Male,117.21077678055195,184.69747952550784,Not Active,Jumping Jacks,12,168.78
26,Male,99.50032440527424,161.47990803769844,Fully Active,Jumping Jacks,58,692.52
49,Male,67.85633215396,155.877565007511,Moderately Active,Burpees,35,380.0
49,Female,107.20459986441352,158.26422450714787,Moderately Active,High Knees,38,529.59
15,Male,66.11408988111975,150.09960676095352,Moderately Active,Running in Place,11,101.82
54,Male,110.4565379674596,185.9369808926765,Fully Active,Burpees,40,706.92
36,Female,53.44352928089528,186.62005245291897,Moderately Active,Jumping Jacks,22,141.09
43,Female,97.77644830955968,175.74666749566296,Fully Active,Brisk Walking,42,328.53
22,Male,85.55238574836827,158.0681400527692,Not Active,Dumbbell Rows,13,100.1
25,Male,52.24008526465806,154.1777168755345,Moderately Active,Medicine Ball Slams,13,81.49
55,Male,63.14203711941292,150.95644832186434,Moderately Active,Mountain Climbers,50,441.99
51,Male,45.93030272079861,158.28740884826104,Moderately Active,Push-ups,12,55.12
28,Male,80.15759740983793,194.54277674915733,Not Active,High Knees,55,573.13
44,Male,67.59489455700003,162.07684208508408,Moderately Active,Push-ups,39,263.62
49,Female,89.87681132233192,167.7135663608608,Fully Active,High Knees,22,257.05
35,Female,67.29283557814628,155.26727422406665,Fully Active,Lunges,9,66.62
51,Female,67.49393336302386,161.1180652374085,Moderately Active,Bodyweight Squats,18,121.49
19,Male,100.73948990487025,175.96122853901025,Moderately Active,Sprints,32,580.26
33,Female,48.61071269837651,180.38763415478263,Not Active,Deadlifts,34,247.91
